Group 1,Group 2,H,p-value,q-value
Control (n=10),Post (n=8),0.0,1.0,1.0
Control (n=10),Pre (n=10),0.4628571428571391,0.49629170223109464,1.0
Control (n=10),Stress (n=9),0.060000000000002274,0.8064959405073364,1.0
Post (n=8),Pre (n=10),0.19736842105263008,0.6568534184528312,1.0
Post (n=8),Stress (n=9),0.009259259259259522,0.9233418401809054,1.0
Pre (n=10),Stress (n=9),0.6666666666666643,0.4142161782425261,1.0
