Group 1,Group 2,Sample size,Permutations,pseudo-F,p-value,q-value
Control,Post,18,999,1.0294113355443792,0.441,0.7115999999999999
Control,Pre,20,999,0.8796239198877888,0.558,0.7115999999999999
Control,Stress,19,999,0.885694715876439,0.576,0.7115999999999999
Post,Pre,18,999,0.8992324322388353,0.553,0.7115999999999999
Post,Stress,17,999,0.5759878280557623,0.871,0.871
Pre,Stress,19,999,0.8438375566650523,0.593,0.7115999999999999
